Config,OS,RAM,Pressure,RunLabel,RunID_CSV,Smeared%,SnapshotDuration,AcquisitionDuration,Stable%,Medium%,Large%,Missing%,MediumLarge%
Win10_8Gb_0,Win10,8Gb,0,Run 1,Run001,17.89,575.3579488,30.6770746,76.81,6.52,4.35,12.32,10.87
Win10_8Gb_0,Win10,8Gb,0,Run 2,Run002,4.26,688.9437267,28.852381,85.93,3.7,0.74,9.63,4.44
Win10_8Gb_0,Win10,8Gb,0,Run 3,Run003,4.23,687.6769974,29.8564427,86.67,2.96,0.0,10.37,2.96
Win10_8Gb_0,Win10,8Gb,0,Run 4,Run004,5.07,696.7416918,31.8146762,84.89,4.32,0.0,10.79,4.32
Win10_8Gb_0,Win10,8Gb,0,Run 5,Run005,5.61,690.5419537,29.8547393,81.82,4.9,0.7,12.59,5.6
Win10_8Gb_0,Win10,8Gb,0,Run 6,Run006,9.05,603.8020139,28.8212514,88.49,2.88,0.72,7.91,3.6
Win10_8Gb_0,Win10,8Gb,0,Run 7,Run007,4.58,664.6555151,33.9684816,86.43,3.57,0.71,9.29,4.28
Win10_8Gb_0,Win10,8Gb,0,Run 8,Run008,3.61,682.5967797,26.7957534,91.97,1.46,0.0,6.57,1.46
Win10_8Gb_0,Win10,8Gb,0,Run 9,Run009,3.88,690.273414,31.8898354,88.11,0.0,0.7,11.19,0.7
Win10_8Gb_0,Win10,8Gb,0,Run 10,Run010,3.71,682.3150409,29.7889443,88.73,0.0,0.7,10.56,0.7
Win10_8Gb_0,Win10,8Gb,0,Run 11,Run011,4.89,674.5307354,31.8433727,85.21,2.82,1.41,10.56,4.23
Win10_8Gb_0,Win10,8Gb,0,Run 12,Run012,3.6,678.2387917,30.7989204,86.52,3.55,0.71,9.22,4.26
Win10_8Gb_0,Win10,8Gb,0,Run 13,Run013,3.49,688.8875551,29.8571148,87.23,3.55,0.0,9.22,3.55
Win10_8Gb_0,Win10,8Gb,0,Run 14,Run014,3.7,675.8779372,30.7329333,88.41,3.62,0.72,7.25,4.34
Win10_8Gb_0,Win10,8Gb,0,Run 15,Run015,3.36,686.3405637,29.8454864,92.65,1.47,0.0,5.88,1.47
Win10_8Gb_0,Win10,8Gb,0,Run 16,Run016,4.19,669.4269438,28.838843,89.86,2.9,0.0,7.25,2.9
Win10_8Gb_0,Win10,8Gb,0,Run 17,Run017,3.49,674.5740217,29.8656128,89.86,2.17,0.72,7.25,2.89
Win10_8Gb_0,Win10,8Gb,0,Run 18,Run018,5.39,657.6346281,31.9127099,83.8,2.11,1.41,12.68,3.52
Win10_8Gb_0,Win10,8Gb,0,Run 19,Run019,3.62,690.1079448,28.9454858,89.13,2.9,0.72,7.25,3.62
Win10_8Gb_0,Win10,8Gb,0,Run 20,Run020,3.92,675.1667857,28.8316726,87.94,3.55,0.0,8.51,3.55
Win10_8Gb_1,Win10,8Gb,1,Run 1,Run021,3.25,700.5126709,29.8666227,89.44,2.82,0.7,7.04,3.52
Win10_8Gb_1,Win10,8Gb,1,Run 2,Run022,4.28,628.7178732,31.8781695,82.43,6.08,0.68,10.81,6.76
Win10_8Gb_1,Win10,8Gb,1,Run 3,Run023,4.85,631.5681117,29.7194056,90.78,2.13,0.0,7.09,2.13
Win10_8Gb_1,Win10,8Gb,1,Run 4,Run024,3.53,667.307561,29.8404446,89.44,1.41,0.7,8.45,2.11
Win10_8Gb_1,Win10,8Gb,1,Run 5,Run025,3.81,667.1653623,28.815365,90.78,0.71,0.71,7.8,1.42
Win10_8Gb_1,Win10,8Gb,1,Run 6,Run026,3.91,663.8869118,31.8855342,86.62,4.93,0.0,8.45,4.93
Win10_8Gb_1,Win10,8Gb,1,Run 7,Run027,3.87,665.5210529,30.9780983,85.62,3.42,0.0,10.96,3.42
Win10_8Gb_1,Win10,8Gb,1,Run 8,Run028,3.56,660.0749515,26.8765946,90.07,2.13,0.71,7.09,2.84
Win10_8Gb_1,Win10,8Gb,1,Run 9,Run029,5.31,627.5912826,28.8982402,78.67,3.33,1.33,16.67,4.66
Win10_8Gb_1,Win10,8Gb,1,Run 10,Run030,4.18,632.488008,30.2393804,81.63,5.44,2.04,10.88,7.48
Win10_8Gb_1,Win10,8Gb,1,Run 11,Run031,3.84,642.8257433,27.9126949,88.19,2.08,0.69,9.03,2.77
Win10_8Gb_1,Win10,8Gb,1,Run 12,Run032,3.45,657.1077332,27.7972909,92.81,0.72,0.72,5.76,1.44
Win10_8Gb_1,Win10,8Gb,1,Run 13,Run033,24.81,608.7161407,28.508927,69.13,9.4,4.03,17.45,13.43
Win10_8Gb_1,Win10,8Gb,1,Run 14,Run034,6.67,625.8736268,30.8163053,80.82,4.79,2.05,12.33,6.84
Win10_8Gb_1,Win10,8Gb,1,Run 15,Run035,4.91,636.5453612,28.7435106,86.11,2.08,0.69,11.11,2.77
Win10_8Gb_1,Win10,8Gb,1,Run 16,Run036,4.16,681.8107644,28.7634633,88.11,1.4,0.0,10.49,1.4
Win10_8Gb_1,Win10,8Gb,1,Run 17,Run037,5.76,671.9567327,32.3471514,81.51,6.16,0.0,12.33,6.16
Win10_8Gb_1,Win10,8Gb,1,Run 18,Run038,42.31,273.4960198,28.2182703,77.62,10.49,3.5,8.39,13.99
Win10_8Gb_1,Win10,8Gb,1,Run 19,Run039,13.0,416.4429292,30.1034458,84.51,4.93,0.7,9.86,5.63
Win10_8Gb_1,Win10,8Gb,1,Run 20,Run040,5.05,560.1067086,26.8325907,85.51,5.07,0.72,8.7,5.79
Win10_8Gb_2,Win10,8Gb,2,Run 1,Run041,12.22,546.8731659,27.8872877,80.85,9.93,2.13,7.09,12.06
Win10_8Gb_2,Win10,8Gb,2,Run 2,Run042,11.55,526.6731669,29.8842068,84.83,4.83,1.38,8.97,6.21
Win10_8Gb_2,Win10,8Gb,2,Run 3,Run043,5.0,620.8901539,30.7891792,85.71,2.72,0.68,10.88,3.4
Win10_8Gb_2,Win10,8Gb,2,Run 4,Run044,4.2,627.6462515,28.8745161,88.11,2.8,0.7,8.39,3.5
Win10_8Gb_2,Win10,8Gb,2,Run 5,Run045,21.35,437.4486343,33.2465854,73.91,3.73,3.11,19.25,6.84
Win10_8Gb_2,Win10,8Gb,2,Run 6,Run046,4.88,564.6605323,29.8223111,81.7,7.19,2.61,8.5,9.8
Win10_8Gb_2,Win10,8Gb,2,Run 7,Run047,25.59,456.74237,34.2878099,88.67,2.0,2.0,7.33,4.0
Win10_8Gb_2,Win10,8Gb,2,Run 8,Run048,7.97,677.2604222,66.299743,62.5,17.5,3.12,16.88,20.62
Win10_8Gb_2,Win10,8Gb,2,Run 9,Run049,6.84,660.9584313,30.7974466,77.5,5.0,1.88,15.62,6.88
Win10_8Gb_2,Win10,8Gb,2,Run 10,Run050,4.99,653.8092716,28.888511,77.36,6.29,1.89,14.47,8.18
Win10_8Gb_2,Win10,8Gb,2,Run 11,Run051,4.4,664.1765406,31.8846567,90.54,2.03,0.68,6.76,2.71
Win10_8Gb_2,Win10,8Gb,2,Run 12,Run052,4.82,640.0121306,34.3106504,87.66,1.3,0.65,10.39,1.95
Win10_8Gb_2,Win10,8Gb,2,Run 13,Run053,4.37,643.5600015,29.8411008,88.74,1.99,1.32,7.95,3.31
Win10_8Gb_2,Win10,8Gb,2,Run 14,Run054,4.78,618.7240713,31.0418927,90.79,1.32,0.66,7.24,1.98
Win10_8Gb_2,Win10,8Gb,2,Run 15,Run055,4.08,639.5323662,31.0014169,89.4,3.31,0.66,6.62,3.97
Win10_8Gb_2,Win10,8Gb,2,Run 16,Run056,3.87,676.6892155,36.1051925,87.58,4.58,0.65,7.19,5.23
Win10_8Gb_2,Win10,8Gb,2,Run 17,Run057,4.03,633.2802464,30.8429666,86.45,3.87,1.94,7.74,5.81
Win10_8Gb_2,Win10,8Gb,2,Run 18,Run058,4.02,652.139472,28.8103649,89.03,2.58,1.29,7.1,3.87
Win10_8Gb_2,Win10,8Gb,2,Run 19,Run059,6.04,611.6082437,31.7852944,86.79,2.52,1.89,8.81,4.41
Win10_8Gb_2,Win10,8Gb,2,Run 20,Run060,4.04,626.108914,29.8048414,90.45,1.91,1.27,6.37,3.18
Win10_16Gb_0,Win10,16Gb,0,Run 1,Run061,13.27,1381.9217922,58.2894281,74.51,8.5,3.92,13.07,12.42
Win10_16Gb_0,Win10,16Gb,0,Run 2,Run062,3.15,1523.6296341,63.6272256,87.42,2.65,0.0,9.93,2.65
Win10_16Gb_0,Win10,16Gb,0,Run 3,Run063,3.91,1506.6506171,58.1957189,79.11,4.43,1.27,15.19,5.7
Win10_16Gb_0,Win10,16Gb,0,Run 4,Run064,3.08,1513.8124125,62.644647,87.74,1.94,0.65,9.68,2.59
Win10_16Gb_0,Win10,16Gb,0,Run 5,Run065,3.07,1496.4019958,60.3229864,90.38,1.28,0.0,8.33,1.28
Win10_16Gb_0,Win10,16Gb,0,Run 6,Run066,2.81,1522.1135982,67.4147931,88.12,1.25,1.88,8.75,3.13
Win10_16Gb_0,Win10,16Gb,0,Run 7,Run067,6.26,1495.9272706,72.4089711,85.21,2.96,0.59,11.24,3.55
Win10_16Gb_0,Win10,16Gb,0,Run 8,Run068,3.42,1504.9967452,58.9023056,82.35,5.29,2.35,10.0,7.64
Win10_16Gb_0,Win10,16Gb,0,Run 9,Run069,5.7,1497.2040078,73.9881468,88.1,3.57,0.6,7.74,4.17
Win10_16Gb_0,Win10,16Gb,0,Run 10,Run070,3.35,1453.4608537,60.4204036,87.21,2.91,1.16,8.72,4.07
Win10_16Gb_0,Win10,16Gb,0,Run 11,Run071,7.66,1467.995862,62.4264931,83.62,2.26,0.0,14.12,2.26
Win10_16Gb_0,Win10,16Gb,0,Run 12,Run072,5.14,1416.2812203,63.9170492,90.17,2.31,0.0,7.51,2.31
Win10_16Gb_0,Win10,16Gb,0,Run 13,Run073,4.85,1211.2210368,58.7683905,69.32,10.8,2.27,17.61,13.07
Win10_16Gb_0,Win10,16Gb,0,Run 14,Run074,5.06,1249.8268167,59.8958359,79.17,1.79,2.98,16.07,4.77
Win10_16Gb_0,Win10,16Gb,0,Run 15,Run075,4.02,1283.1086142,56.6752275,87.88,2.42,0.61,9.09,3.03
Win10_16Gb_1,Win10,16Gb,1,Run 1,Run076,11.94,939.8820792,62.374184,89.57,3.07,1.84,5.52,4.91
Win10_16Gb_1,Win10,16Gb,1,Run 2,Run077,12.23,904.3030361,57.300734,88.1,2.98,0.6,8.33,3.58
Win10_16Gb_1,Win10,16Gb,1,Run 3,Run078,3.15,1293.7975098,67.260949,91.07,2.38,0.6,5.95,2.98
Win10_16Gb_1,Win10,16Gb,1,Run 4,Run079,3.5,1263.8921354,59.6778461,85.71,4.0,1.14,9.14,5.14
Win10_16Gb_1,Win10,16Gb,1,Run 5,Run080,3.7,1261.7580935,55.432026,86.36,3.98,0.0,9.66,3.98
Win10_16Gb_1,Win10,16Gb,1,Run 6,Run081,3.41,1313.4153079,56.4166897,91.33,1.16,0.58,6.94,1.74
Win10_16Gb_1,Win10,16Gb,1,Run 7,Run082,4.54,1327.4946288,66.9496778,86.36,4.55,1.14,7.95,5.69
Win10_16Gb_1,Win10,16Gb,1,Run 8,Run083,4.18,1229.3305906,66.7112786,87.22,2.22,1.67,8.89,3.89
Win10_16Gb_1,Win10,16Gb,1,Run 9,Run084,5.0,1105.8747894,59.4569834,82.35,3.21,0.0,14.44,3.21
Win10_16Gb_1,Win10,16Gb,1,Run 10,Run085,3.77,1256.95594,62.2728199,89.27,3.95,0.56,6.21,4.51
Win10_16Gb_1,Win10,16Gb,1,Run 11,Run086,4.15,1260.2968313,64.4328568,87.91,2.2,2.2,7.69,4.4
Win10_16Gb_1,Win10,16Gb,1,Run 12,Run087,3.5,1267.4944875,59.2967822,88.59,4.35,0.0,7.07,4.35
Win10_16Gb_1,Win10,16Gb,1,Run 13,Run088,3.57,1197.8705235,62.6139255,93.41,1.65,0.0,4.95,1.65
Win10_16Gb_1,Win10,16Gb,1,Run 14,Run089,3.82,1268.7119072,66.3497289,91.8,2.19,0.55,5.46,2.74
Win10_16Gb_1,Win10,16Gb,1,Run 15,Run090,4.27,1187.0978649,58.5905431,87.69,1.54,1.03,9.74,2.57
Win10_16Gb_2,Win10,16Gb,2,Run 1,Run091,14.97,828.9032706,61.3277269,91.05,1.58,0.53,6.84,2.11
Win10_16Gb_2,Win10,16Gb,2,Run 2,Run092,38.78,761.3559827,61.6825613,88.21,3.08,0.51,8.21,3.59
Win10_16Gb_2,Win10,16Gb,2,Run 3,Run093,21.43,679.0721607,57.9204238,90.72,2.06,1.03,6.19,3.09
Win10_16Gb_2,Win10,16Gb,2,Run 4,Run094,7.86,1050.856039,60.266808,82.67,2.97,0.99,13.37,3.96
Win10_16Gb_2,Win10,16Gb,2,Run 5,Run095,12.24,1361.4098343,62.8080153,70.55,11.04,4.91,13.5,15.95
Win10_16Gb_2,Win10,16Gb,2,Run 6,Run096,9.3,1421.8647452,60.4971043,87.66,3.25,0.65,8.44,3.9
Win10_16Gb_2,Win10,16Gb,2,Run 7,Run097,21.78,1271.5078512,65.8068802,85.71,2.48,0.62,11.18,3.1
Win10_16Gb_2,Win10,16Gb,2,Run 8,Run098,5.11,1445.0464169,62.0096945,84.38,4.38,2.5,8.75,6.88
Win10_16Gb_2,Win10,16Gb,2,Run 9,Run099,5.37,1422.7563485,61.6080933,88.12,2.5,1.25,8.12,3.75
Win10_16Gb_2,Win10,16Gb,2,Run 10,Run100,6.29,1439.4210879,70.5066893,84.34,1.81,3.61,10.24,5.42
Win10_16Gb_2,Win10,16Gb,2,Run 11,Run101,5.11,1368.2021545,57.5272095,88.02,2.4,1.2,8.38,3.6
Win10_16Gb_2,Win10,16Gb,2,Run 12,Run102,4.66,1393.0747515,62.0678856,90.91,1.21,1.21,6.67,2.42
Win10_16Gb_2,Win10,16Gb,2,Run 13,Run103,5.06,1372.6804885,59.5046114,88.3,5.26,0.0,6.43,5.26
Win10_16Gb_2,Win10,16Gb,2,Run 14,Run104,5.21,1345.0448718,61.3993927,85.08,3.31,1.1,10.5,4.41
Win10_16Gb_2,Win10,16Gb,2,Run 15,Run105,4.34,1350.4214725,66.7719602,88.76,2.25,1.12,7.87,3.37
Win10_32Gb_0,Win10,32Gb,0,Run 1,Run211,3.64,2950.5262344,144.5334451,75.46,9.2,3.68,11.66,12.88
Win10_32Gb_0,Win10,32Gb,0,Run 2,Run212,3.49,2919.1718728,126.5538439,84.91,3.77,0.63,10.69,4.4
Win10_32Gb_0,Win10,32Gb,0,Run 3,Run213,6.8,2960.068047,122.5144299,80.49,4.27,2.44,12.8,6.71
Win10_32Gb_0,Win10,32Gb,0,Run 4,Run214,2.11,3010.4475778,124.9447102,87.34,3.8,1.9,6.96,5.7
Win10_32Gb_0,Win10,32Gb,0,Run 5,Run215,2.05,3038.3153769,138.8529751,85.62,6.25,1.25,6.88,7.5
Win10_32Gb_0,Win10,32Gb,0,Run 6,Run241,3.21,3020.6261621,161.8731003,66.67,15.72,4.4,13.21,20.12
Win10_32Gb_0,Win10,32Gb,0,Run 7,Run242,5.87,3100.2670507,139.845489,70.86,11.92,2.65,14.57,14.57
Win10_32Gb_0,Win10,32Gb,0,Run 8,Run243,6.59,3204.5752075,140.1268149,85.42,3.47,3.47,7.64,6.94
Win10_32Gb_0,Win10,32Gb,0,Run 9,Run244,5.0,3019.7524521,136.5716962,87.42,1.32,1.32,9.93,2.64
Win10_32Gb_0,Win10,32Gb,0,Run 10,Run245,1.83,3133.4357216,136.7170793,83.12,5.19,0.65,11.04,5.84
Win10_32Gb_1,Win10,32Gb,1,Run 1,Run216,2.45,3053.0462548,124.7469178,83.53,3.53,2.35,10.59,5.88
Win10_32Gb_1,Win10,32Gb,1,Run 2,Run217,1.66,3066.2677743,148.0953613,88.34,6.13,0.61,4.91,6.74
Win10_32Gb_1,Win10,32Gb,1,Run 3,Run218,1.91,3025.9823871,125.4069458,87.95,3.61,1.2,7.23,4.81
Win10_32Gb_1,Win10,32Gb,1,Run 4,Run219,2.11,3045.4580325,145.7516146,89.29,3.57,0.6,6.55,4.17
Win10_32Gb_1,Win10,32Gb,1,Run 5,Run220,1.91,3052.9867996,125.1290381,85.63,4.02,1.15,9.2,5.17
Win10_32Gb_1,Win10,32Gb,1,Run 6,Run246,1.77,3128.8135733,148.1356447,89.54,1.96,0.65,7.84,2.61
Win10_32Gb_1,Win10,32Gb,1,Run 7,Run247,1.7,3135.8983967,142.0931299,85.35,4.46,0.64,9.55,5.1
Win10_32Gb_1,Win10,32Gb,1,Run 8,Run248,1.98,3105.1846297,129.146337,85.35,5.1,1.27,8.28,6.37
Win10_32Gb_1,Win10,32Gb,1,Run 9,Run249,2.36,3104.9166596,149.0092392,86.79,3.14,1.26,8.81,4.4
Win10_32Gb_1,Win10,32Gb,1,Run 10,Run250,1.99,3090.8360349,149.3447039,86.88,3.12,1.88,8.12,5.0
Win10_32Gb_2,Win10,32Gb,2,Run 1,Run256,2.19,3183.6280944,297.1754644,82.47,3.9,0.65,12.99,4.55
Win10_32Gb_2,Win10,32Gb,2,Run 2,Run257,1.84,3162.0943825,134.9590758,82.24,6.58,0.66,10.53,7.24
Win10_32Gb_2,Win10,32Gb,2,Run 3,Run258,4.12,3064.5144871,151.5435125,76.73,6.92,1.89,14.47,8.81
Win10_32Gb_2,Win10,32Gb,2,Run 4,Run259,2.42,3086.7915148,146.1426011,77.98,7.14,2.98,11.9,10.12
Win10_32Gb_2,Win10,32Gb,2,Run 5,Run260,2.26,3099.3256099,153.9190927,87.8,1.22,1.22,9.76,2.44
Win10_32Gb_2,Win10,32Gb,2,Run 6,Run261,2.3,3033.9272933,158.0256737,87.04,3.7,2.47,6.79,6.17
Win10_32Gb_2,Win10,32Gb,2,Run 7,Run262,2.77,3003.6388006,149.3483321,80.35,2.89,4.05,12.72,6.94
Win10_32Gb_2,Win10,32Gb,2,Run 8,Run263,2.53,3032.314839,152.1808207,89.82,1.8,1.2,7.19,3.0
Win10_32Gb_2,Win10,32Gb,2,Run 9,Run264,4.69,3146.3574557,142.9703707,67.95,8.97,3.21,19.87,12.18
Win10_32Gb_2,Win10,32Gb,2,Run 10,Run265,7.05,2977.2802324,140.018541,73.55,6.45,1.94,18.06,8.39
Win11_8Gb_0,Win11,8Gb,0,Run 1,Run106,28.87,457.7728058,29.7913206,75.0,4.49,3.85,16.67,8.34
Win11_8Gb_0,Win11,8Gb,0,Run 2,Run107,12.92,451.3475075,28.7703838,76.32,8.55,1.97,13.16,10.52
Win11_8Gb_0,Win11,8Gb,0,Run 3,Run108,17.39,440.7032599,33.2878181,80.85,7.09,2.84,9.22,9.93
Win11_8Gb_0,Win11,8Gb,0,Run 4,Run109,14.47,524.9627574,28.5651213,85.11,3.55,1.42,9.93,4.97
Win11_8Gb_0,Win11,8Gb,0,Run 5,Run110,7.77,523.7962476,32.5707812,86.86,4.38,2.19,6.57,6.57
Win11_8Gb_0,Win11,8Gb,0,Run 6,Run111,6.13,540.1406032,29.7929605,89.71,0.74,1.47,8.09,2.21
Win11_8Gb_0,Win11,8Gb,0,Run 7,Run112,5.43,550.4020186,34.4415365,91.67,2.27,0.76,5.3,3.03
Win11_8Gb_0,Win11,8Gb,0,Run 8,Run113,6.37,571.8293257,32.4662868,91.97,0.73,0.73,6.57,1.46
Win11_8Gb_0,Win11,8Gb,0,Run 9,Run114,31.11,622.8318965,31.346189,88.49,2.16,1.44,7.91,3.6
Win11_8Gb_0,Win11,8Gb,0,Run 10,Run115,4.73,641.3553258,31.4001471,91.91,2.21,0.74,5.15,2.95
Win11_8Gb_0,Win11,8Gb,0,Run 11,Run116,18.85,509.8013421,34.6017399,80.67,6.0,1.33,12.0,7.33
Win11_8Gb_0,Win11,8Gb,0,Run 12,Run117,7.75,633.1004741,31.2956034,93.66,1.41,0.0,4.93,1.41
Win11_8Gb_0,Win11,8Gb,0,Run 13,Run118,6.41,637.3353075,32.4999558,82.67,4.0,0.67,12.67,4.67
Win11_8Gb_0,Win11,8Gb,0,Run 14,Run119,6.28,634.2463961,33.3599741,92.75,1.45,0.0,5.8,1.45
Win11_8Gb_0,Win11,8Gb,0,Run 15,Run120,6.4,637.8921334,30.8333947,89.78,2.19,2.92,5.11,5.11
Win11_8Gb_0,Win11,8Gb,0,Run 16,Run121,4.58,645.4288778,30.6462376,86.3,2.05,0.68,10.96,2.73
Win11_8Gb_0,Win11,8Gb,0,Run 17,Run122,4.04,652.1089312,30.6207143,90.91,0.0,0.0,9.09,0.0
Win11_8Gb_0,Win11,8Gb,0,Run 18,Run123,4.56,645.0002814,31.314877,93.53,0.72,0.0,5.76,0.72
Win11_8Gb_0,Win11,8Gb,0,Run 19,Run124,5.94,625.6490208,31.0162481,88.19,2.78,0.0,9.03,2.78
Win11_8Gb_0,Win11,8Gb,0,Run 20,Run125,9.37,609.5895966,34.3491275,87.5,3.47,0.69,8.33,4.16
Win11_8Gb_1,Win11,8Gb,1,Run 1,Run126,7.27,659.0734702,32.4485871,76.22,11.89,2.8,9.09,14.69
Win11_8Gb_1,Win11,8Gb,1,Run 2,Run127,20.38,611.2335711,35.612051,85.11,6.38,2.13,6.38,8.51
Win11_8Gb_1,Win11,8Gb,1,Run 3,Run128,8.56,661.0539886,33.9354645,87.05,3.6,2.88,6.47,6.48
Win11_8Gb_1,Win11,8Gb,1,Run 4,Run129,4.64,657.4724658,35.3768547,90.0,0.71,2.86,6.43,3.57
Win11_8Gb_1,Win11,8Gb,1,Run 5,Run130,7.07,622.4079156,39.6948074,85.61,6.47,1.44,6.47,7.91
Win11_8Gb_1,Win11,8Gb,1,Run 6,Run131,4.32,642.6640086,29.2406686,92.7,1.46,0.73,5.11,2.19
Win11_8Gb_1,Win11,8Gb,1,Run 7,Run132,6.87,626.7139426,27.7959896,93.43,1.46,0.0,5.11,1.46
Win11_8Gb_1,Win11,8Gb,1,Run 8,Run133,7.98,659.2533395,30.2547324,89.29,2.14,1.43,7.14,3.57
Win11_8Gb_1,Win11,8Gb,1,Run 9,Run134,4.14,637.6310055,30.3678664,92.7,1.46,0.73,5.11,2.19
Win11_8Gb_1,Win11,8Gb,1,Run 10,Run135,4.61,618.7063895,30.2911055,83.67,5.44,0.0,10.88,5.44
Win11_8Gb_1,Win11,8Gb,1,Run 11,Run136,5.94,613.1994912,33.3337682,90.0,2.86,0.71,6.43,3.57
Win11_8Gb_1,Win11,8Gb,1,Run 12,Run137,4.35,635.1294849,38.313376,93.43,1.46,0.73,4.38,2.19
Win11_8Gb_1,Win11,8Gb,1,Run 13,Run138,4.57,621.6675601,28.2390695,92.91,1.42,0.0,5.67,1.42
Win11_8Gb_1,Win11,8Gb,1,Run 14,Run139,7.73,530.2143267,37.4276258,88.11,3.5,0.7,7.69,4.2
Win11_8Gb_1,Win11,8Gb,1,Run 15,Run140,9.05,596.4097272,33.2913571,87.32,4.23,1.41,7.04,5.64
Win11_8Gb_1,Win11,8Gb,1,Run 16,Run141,4.76,631.6919351,32.3309034,90.07,2.13,1.42,6.38,3.55
Win11_8Gb_1,Win11,8Gb,1,Run 17,Run142,29.95,490.2853119,32.6078003,90.65,2.88,2.16,4.32,5.04
Win11_8Gb_1,Win11,8Gb,1,Run 18,Run143,20.19,448.0981394,30.2074179,86.9,4.14,1.38,7.59,5.52
Win11_8Gb_1,Win11,8Gb,1,Run 19,Run144,4.23,569.578889,34.3634855,92.86,1.43,0.0,5.71,1.43
Win11_8Gb_1,Win11,8Gb,1,Run 20,Run145,21.99,426.7275376,31.2960134,91.55,2.82,0.0,5.63,2.82
Win11_8Gb_2,Win11,8Gb,2,Run 1,Run146,9.5,511.3212937,27.2982225,90.07,3.55,0.71,5.67,4.26
Win11_8Gb_2,Win11,8Gb,2,Run 2,Run147,9.33,539.6291229,33.7931334,92.14,1.43,0.71,5.71,2.14
Win11_8Gb_2,Win11,8Gb,2,Run 3,Run148,7.09,547.7475255,35.4325487,87.94,4.26,2.13,5.67,6.39
Win11_8Gb_2,Win11,8Gb,2,Run 4,Run149,37.65,200.7353894,36.0280318,85.62,3.42,2.74,8.22,6.16
Win11_8Gb_2,Win11,8Gb,2,Run 5,Run150,26.59,508.1872745,36.1889146,87.5,4.86,1.39,6.25,6.25
Win11_8Gb_2,Win11,8Gb,2,Run 6,Run151,16.91,516.307063,28.1761133,85.03,5.44,0.68,8.84,6.12
Win11_8Gb_2,Win11,8Gb,2,Run 7,Run152,7.8,516.9448099,35.4192271,85.81,4.05,0.68,9.46,4.73
Win11_8Gb_2,Win11,8Gb,2,Run 8,Run153,16.47,461.8229589,32.2509438,90.21,4.2,2.1,3.5,6.3
Win11_8Gb_2,Win11,8Gb,2,Run 9,Run154,4.89,542.1202964,33.3405107,91.55,2.82,0.0,5.63,2.82
Win11_8Gb_2,Win11,8Gb,2,Run 10,Run155,9.79,515.891014,30.7459753,86.0,4.0,0.0,10.0,4.0
Win11_8Gb_2,Win11,8Gb,2,Run 11,Run156,7.36,508.681607,31.3697884,88.73,4.23,1.41,5.63,5.64
Win11_8Gb_2,Win11,8Gb,2,Run 12,Run157,15.57,506.5448969,32.3322315,91.55,1.41,0.7,6.34,2.11
Win11_8Gb_2,Win11,8Gb,2,Run 13,Run158,10.82,515.2709726,31.2760964,91.49,2.13,0.71,5.67,2.84
Win11_8Gb_2,Win11,8Gb,2,Run 14,Run159,7.06,506.7452844,31.5155357,91.55,2.11,0.7,5.63,2.81
Win11_8Gb_2,Win11,8Gb,2,Run 15,Run160,12.66,495.7296739,29.3724391,88.73,3.52,1.41,6.34,4.93
Win11_8Gb_2,Win11,8Gb,2,Run 16,Run161,5.47,531.6992138,31.3409089,88.11,4.2,0.7,6.99,4.9
Win11_8Gb_2,Win11,8Gb,2,Run 17,Run162,14.05,484.388337,33.5465992,91.49,2.84,0.71,4.96,3.55
Win11_8Gb_2,Win11,8Gb,2,Run 18,Run163,10.51,499.9114503,27.1658601,92.2,2.13,0.71,4.96,2.84
Win11_8Gb_2,Win11,8Gb,2,Run 19,Run164,7.44,513.8097229,35.4499106,87.41,4.2,1.4,6.99,5.6
Win11_8Gb_2,Win11,8Gb,2,Run 20,Run165,13.89,533.293292,34.4436923,89.66,0.69,1.38,8.28,2.07
Win11_16Gb_0,Win11,16Gb,0,Run 1,Run166,11.14,1450.309488,57.6230865,42.17,26.51,8.43,22.89,34.94
Win11_16Gb_0,Win11,16Gb,0,Run 2,Run167,14.26,1333.4732446,62.7434134,89.78,2.92,1.46,5.84,4.38
Win11_16Gb_0,Win11,16Gb,0,Run 3,Run168,8.78,1411.089231,76.3264577,85.31,2.8,2.8,9.09,5.6
Win11_16Gb_0,Win11,16Gb,0,Run 4,Run169,6.1,1369.0991216,58.7886489,67.59,18.62,3.45,10.34,22.07
Win11_16Gb_0,Win11,16Gb,0,Run 5,Run170,4.58,1418.8630585,72.1217105,92.03,1.45,1.45,5.07,2.9
Win11_16Gb_0,Win11,16Gb,0,Run 6,Run171,5.84,1431.8317628,76.4508769,83.11,4.05,1.35,11.49,5.4
Win11_16Gb_0,Win11,16Gb,0,Run 7,Run172,5.78,1397.8422446,63.9267774,84.14,4.83,1.38,9.66,6.21
Win11_16Gb_0,Win11,16Gb,0,Run 8,Run173,4.08,1400.4813645,65.8339372,88.65,2.84,1.42,7.09,4.26
Win11_16Gb_0,Win11,16Gb,0,Run 9,Run174,4.17,1408.5176177,77.4075655,92.09,0.72,1.44,5.76,2.16
Win11_16Gb_0,Win11,16Gb,0,Run 10,Run175,4.76,1340.2965247,74.5378061,89.29,2.86,1.43,6.43,4.29
Win11_16Gb_0,Win11,16Gb,0,Run 11,Run176,12.0,1107.2142863,67.6176899,90.65,2.16,1.44,5.76,3.6
Win11_16Gb_0,Win11,16Gb,0,Run 12,Run177,7.8,1141.5584649,70.1015965,89.36,2.13,1.42,7.09,3.55
Win11_16Gb_0,Win11,16Gb,0,Run 13,Run178,5.56,1348.3982939,73.009411,82.99,6.12,1.36,9.52,7.48
Win11_16Gb_0,Win11,16Gb,0,Run 14,Run179,6.67,1348.0495889,66.5278146,89.51,3.5,0.7,6.29,4.2
Win11_16Gb_0,Win11,16Gb,0,Run 15,Run180,8.07,1279.1197551,59.7117984,92.2,1.42,0.71,5.67,2.13
Win11_16Gb_1,Win11,16Gb,1,Run 1,Run181,16.61,1280.0946214,67.7262931,69.62,12.03,3.8,14.56,15.83
Win11_16Gb_1,Win11,16Gb,1,Run 2,Run182,4.79,1393.070735,75.2102977,82.67,5.33,2.67,9.33,8.0
Win11_16Gb_1,Win11,16Gb,1,Run 3,Run183,9.02,1346.0085305,61.6491258,88.97,4.14,0.69,6.21,4.83
Win11_16Gb_1,Win11,16Gb,1,Run 4,Run184,23.59,1076.5269912,60.708449,85.03,6.12,0.0,8.84,6.12
Win11_16Gb_1,Win11,16Gb,1,Run 5,Run185,20.05,1085.407578,74.3663241,85.33,4.0,0.67,10.0,4.67
Win11_16Gb_1,Win11,16Gb,1,Run 6,Run186,25.35,1162.1643295,71.9721442,88.59,1.34,1.34,8.72,2.68
Win11_16Gb_1,Win11,16Gb,1,Run 7,Run187,5.65,1255.2660708,68.2194607,83.44,5.3,1.32,9.93,6.62
Win11_16Gb_1,Win11,16Gb,1,Run 8,Run188,6.94,1166.4829026,61.0670313,90.97,2.78,0.69,5.56,3.47
Win11_16Gb_1,Win11,16Gb,1,Run 9,Run189,23.39,862.5793551,68.1314999,90.41,1.37,1.37,6.85,2.74
Win11_16Gb_1,Win11,16Gb,1,Run 10,Run190,6.68,1142.9166898,68.2408489,91.72,1.38,0.69,6.21,2.07
Win11_16Gb_1,Win11,16Gb,1,Run 11,Run191,5.44,1194.6828551,66.0937266,87.59,4.83,2.07,5.52,6.9
Win11_16Gb_1,Win11,16Gb,1,Run 12,Run192,4.82,1196.1732673,67.4142982,91.72,1.38,0.0,6.9,1.38
Win11_16Gb_1,Win11,16Gb,1,Run 13,Run193,6.0,1156.7192194,65.0280515,90.34,2.76,0.69,6.21,3.45
Win11_16Gb_1,Win11,16Gb,1,Run 14,Run194,7.13,1265.0868702,70.4387187,89.04,2.74,0.68,7.53,3.42
Win11_16Gb_1,Win11,16Gb,1,Run 15,Run195,15.21,1119.2538829,96.1148401,84.11,3.31,1.99,10.6,5.3
Win11_16Gb_2,Win11,16Gb,2,Run 1,Run196,21.76,1168.458735,65.8679074,77.12,7.84,2.61,12.42,10.45
Win11_16Gb_2,Win11,16Gb,2,Run 2,Run197,18.08,1004.2105788,73.0977763,88.89,2.78,0.69,7.64,3.47
Win11_16Gb_2,Win11,16Gb,2,Run 3,Run198,9.14,1214.5425781,69.2557285,86.01,5.59,1.4,6.99,6.99
Win11_16Gb_2,Win11,16Gb,2,Run 4,Run199,5.95,1430.1451425,73.7003085,86.11,4.86,1.39,7.64,6.25
Win11_16Gb_2,Win11,16Gb,2,Run 5,Run200,9.81,1400.6221776,67.4555943,82.88,6.16,2.05,8.9,8.21
Win11_16Gb_2,Win11,16Gb,2,Run 6,Run201,5.04,1450.1910625,69.9507155,89.04,2.05,1.37,7.53,3.42
Win11_16Gb_2,Win11,16Gb,2,Run 7,Run202,4.2,1410.6757679,66.8853302,89.51,3.5,1.4,5.59,4.9
Win11_16Gb_2,Win11,16Gb,2,Run 8,Run203,8.21,1434.5936597,67.795343,90.28,2.78,0.69,6.25,3.47
Win11_16Gb_2,Win11,16Gb,2,Run 9,Run204,24.25,1416.4819012,68.949552,84.0,5.33,0.67,10.0,6.0
Win11_16Gb_2,Win11,16Gb,2,Run 10,Run205,4.57,1411.4946154,74.4572506,91.61,2.1,0.0,6.29,2.1
Win11_16Gb_2,Win11,16Gb,2,Run 11,Run206,5.78,1153.1737829,71.4888058,90.85,2.82,0.7,5.63,3.52
Win11_16Gb_2,Win11,16Gb,2,Run 12,Run207,11.04,1441.3056396,73.4438796,70.51,10.9,2.56,16.03,13.46
Win11_16Gb_2,Win11,16Gb,2,Run 13,Run208,4.11,1259.9881653,69.2315315,90.85,2.11,0.0,7.04,2.11
Win11_16Gb_2,Win11,16Gb,2,Run 14,Run209,5.8,1332.2499415,75.0673738,84.83,4.83,1.38,8.97,6.21
Win11_16Gb_2,Win11,16Gb,2,Run 15,Run210,3.63,1508.9683241,74.8097849,89.44,2.11,1.41,7.04,3.52
Win11_32Gb_0,Win11,32Gb,0,Run 1,Run226,8.8,3031.9625791,141.7650871,60.0,8.48,3.03,28.48,11.51
Win11_32Gb_0,Win11,32Gb,0,Run 2,Run227,8.41,3044.8460972,143.9780437,87.59,2.76,0.69,8.97,3.45
Win11_32Gb_0,Win11,32Gb,0,Run 3,Run228,6.18,3055.3239042,133.297031,86.81,4.86,1.39,6.94,6.25
Win11_32Gb_0,Win11,32Gb,0,Run 4,Run229,2.48,3035.3716536,146.1702763,85.52,4.83,2.07,7.59,6.9
Win11_32Gb_0,Win11,32Gb,0,Run 5,Run230,3.63,2934.7344596,175.7609394,61.84,25.0,0.66,12.5,25.66
Win11_32Gb_0,Win11,32Gb,0,Run 6,Run251,11.98,2490.0306141,143.6306621,53.29,14.97,7.19,24.55,22.16
Win11_32Gb_0,Win11,32Gb,0,Run 7,Run252,3.59,2549.9357503,150.6759341,90.58,3.62,0.72,5.07,4.34
Win11_32Gb_0,Win11,32Gb,0,Run 8,Run253,8.19,2446.1483392,152.554408,78.15,7.28,0.0,14.57,7.28
Win11_32Gb_0,Win11,32Gb,0,Run 9,Run254,6.72,3112.6836301,149.2139311,74.67,8.67,2.67,14.0,11.34
Win11_32Gb_0,Win11,32Gb,0,Run 10,Run255,1.92,3153.5269496,159.3829753,85.91,5.37,0.67,8.05,6.04
Win11_32Gb_1,Win11,32Gb,1,Run 1,Run231,9.54,2545.47,128.505,62.5,13.75,4.38,19.38,18.13
Win11_32Gb_1,Win11,32Gb,1,Run 2,Run232,7.6,3064.5905075,125.6325988,83.22,6.04,1.34,9.4,7.38
Win11_32Gb_1,Win11,32Gb,1,Run 3,Run233,32.29,2608.8327398,121.7149505,84.42,1.95,0.65,12.99,2.6
Win11_32Gb_1,Win11,32Gb,1,Run 4,Run234,2.45,3005.6227129,121.5612774,92.41,1.38,0.0,6.21,1.38
Win11_32Gb_1,Win11,32Gb,1,Run 5,Run235,7.43,3058.4758122,132.1769489,68.55,10.69,3.14,17.61,13.83
Win11_32Gb_1,Win11,32Gb,1,Run 6,Run236,2.18,3110.270958,132.9156362,82.67,6.67,1.33,9.33,8.0
Win11_32Gb_1,Win11,32Gb,1,Run 7,Run237,3.35,3071.6667565,124.3712552,89.8,2.72,0.0,7.48,2.72
Win11_32Gb_1,Win11,32Gb,1,Run 8,Run238,3.43,3076.4538493,121.2913452,90.0,0.67,0.0,9.33,0.67
Win11_32Gb_1,Win11,32Gb,1,Run 9,Run239,2.54,3074.7122768,125.9580222,85.81,4.05,1.35,8.78,5.4
Win11_32Gb_1,Win11,32Gb,1,Run 10,Run240,2.3,3044.1721917,129.1966257,88.81,4.9,0.7,5.59,5.6
Win11_32Gb_2,Win11,32Gb,2,Run 1,Run266,49.49,2206.4574389,168.8996768,56.98,9.5,5.03,28.49,14.53
Win11_32Gb_2,Win11,32Gb,2,Run 2,Run267,4.68,2784.4876927,146.9601226,86.67,4.67,0.67,8.0,5.34
Win11_32Gb_2,Win11,32Gb,2,Run 3,Run268,2.96,2824.7904018,156.4756044,89.73,4.11,0.68,5.48,4.79
Win11_32Gb_2,Win11,32Gb,2,Run 4,Run269,4.4,2749.954619,165.8986732,89.8,3.4,0.68,6.12,4.08
Win11_32Gb_2,Win11,32Gb,2,Run 5,Run270,4.72,2639.0479034,155.874801,90.41,3.42,0.68,5.48,4.1
Win11_32Gb_2,Win11,32Gb,2,Run 6,Run271,4.41,2657.4366113,162.788145,84.0,5.33,2.0,8.67,7.33
Win11_32Gb_2,Win11,32Gb,2,Run 7,Run272,4.02,2643.4920128,162.377246,83.22,4.7,4.03,8.05,8.73
Win11_32Gb_2,Win11,32Gb,2,Run 8,Run273,3.44,2694.713671,162.679954,89.66,4.14,0.69,5.52,4.83
Win11_32Gb_2,Win11,32Gb,2,Run 9,Run274,7.2,3087.290607,163.0897824,66.24,8.92,7.64,17.2,16.56
Win11_32Gb_2,Win11,32Gb,2,Run 10,Run275,2.64,3104.4973334,160.2710247,85.14,4.73,1.35,8.78,6.08
